Model,RMSE,MAE,R2
RandomForest,0.018185743893594185,0.005986665389150397,0.9942813653222538
XGBoost,0.019664783123854876,0.006947587942835086,0.9933133508809578
LightGBM,0.028373438756133972,0.01492602547883626,0.9860795216300794
CatBoost,0.03194446554941094,0.012322140844317726,0.9823550080276788
Ridge,0.08152465638377392,0.046436403139717065,0.885076679393377
NeuralNet,0.5992783854122655,0.4516295494753511,-5.209940514292111
