{
  "timestamp": "2025-11-05T13:17:03.005035Z",
  "device_type": "cpu",
  "best_params": {
    "objective": "regression",
    "metric": "rmse",
    "learning_rate": 0.09127551951368562,
    "num_leaves": 117,
    "feature_fraction": 0.756385179987429,
    "bagging_fraction": 0.8691941855281368,
    "bagging_freq": 1,
    "min_data_in_leaf": 11,
    "lambda_l1": 0.0036055435037612438,
    "lambda_l2": 2.000612504184447,
    "num_threads": -1,
    "verbosity": -1,
    "device_type": "cpu"
  },
  "val_rmse": 0.03454672752654818,
  "n_features": 14
}