{
  "timestamp": "2025-11-05T12:38:33.133080Z",
  "device_type": "cpu",
  "best_params": {
    "objective": "regression",
    "metric": "rmse",
    "learning_rate": 0.13863860535667555,
    "num_leaves": 113,
    "feature_fraction": 0.8034061487714012,
    "bagging_fraction": 0.7857907333640288,
    "bagging_freq": 1,
    "min_data_in_leaf": 30,
    "lambda_l1": 0.03924088193917302,
    "lambda_l2": 4.0581465342907785,
    "num_threads": -1,
    "verbosity": -1,
    "device_type": "cpu"
  },
  "val_rmse": 0.047483445786912125,
  "n_features": 14
}