{
  "timestamp": "2025-11-05T13:31:36.510517Z",
  "device_type": "cpu",
  "best_params": {
    "objective": "regression",
    "metric": "rmse",
    "learning_rate": 0.18533872501727558,
    "num_leaves": 149,
    "feature_fraction": 0.7776549178033412,
    "bagging_fraction": 0.7839581655010944,
    "bagging_freq": 1,
    "min_data_in_leaf": 12,
    "lambda_l1": 0.13617596454017988,
    "lambda_l2": 0.5541229705846306,
    "num_threads": -1,
    "verbosity": -1,
    "device_type": "cpu"
  },
  "val_rmse": 0.03616787628290962,
  "n_features": 14
}