feature,gain_importance,split_importance
slope_mean,11.711771323992599,412
aspect_mean,0.16297537313010935,81
slope_std,0.028338565465349852,111
aspect_std,0.0104818109348912,64
GHI_mean,0.0033542046380902885,31
DNI_mean,0.0018111346534226413,18
DIF_mean,0.00101772603396455,32
PVOUT_mean,6.0993068473180756e-05,3
DNI_std,4.1687788893796096e-05,2
TEMP_mean,4.852000074606622e-06,1
GHI_std,0.0,0
DIF_std,0.0,0
PVOUT_std,0.0,0
TEMP_std,0.0,0
