feature,gain_importance,split_importance
slope_mean,7.719223522924185,422
aspect_mean,0.0333929606856147,181
slope_std,0.030380479490223045,198
aspect_std,0.012921982533915966,111
GHI_mean,0.00239131617895616,45
DIF_mean,0.0009887370124062045,39
DNI_std,0.0007621578308132371,8
DNI_mean,0.00014926391284575402,7
DIF_std,7.550550071755424e-05,2
PVOUT_mean,2.5847700896974857e-05,5
TEMP_mean,1.84519994945731e-05,1
GHI_std,1.1299120913577099e-05,7
PVOUT_std,0.0,0
TEMP_std,0.0,0
