feature,gain_importance,split_importance
slope_mean,27.841034885309345,1084
slope_std,1.512148263130344,497
aspect_mean,0.7855020413703201,303
aspect_std,0.33282000955867375,298
GHI_mean,0.04585922863379821,101
DNI_mean,0.029496364311954792,44
DIF_mean,0.0065147973171448825,104
TEMP_mean,0.0024475178797729313,2
PVOUT_mean,0.0018924536034319317,4
DIF_std,0.0009742546562106214,15
DNI_std,0.0003849095945835934,18
GHI_std,0.00014260356767081817,7
PVOUT_std,0.0,0
TEMP_std,0.0,0
