feature,gain_importance,split_importance
TEMP_mean,170.61013966146857,131
PVOUT_mean,57.997018593363464,226
slope_std,11.664181864218563,607
slope_mean,2.6403376808281394,540
DNI_mean,1.769453641405562,149
DNI_std,1.4554966274299659,75
GHI_std,1.3853490931214765,39
GHI_mean,1.2474845325414208,169
DIF_mean,1.1614891258122952,129
aspect_std,0.584832360912543,306
aspect_mean,0.5168894808771825,433
DIF_std,0.26135784934740514,26
PVOUT_std,0.0,0
TEMP_std,0.0,0
