feature,gain_importance,split_importance
slope_mean,7.302821635660081,178
aspect_mean,0.14354527949371487,33
slope_std,0.020854319331192528,23
aspect_std,0.004988570792193059,14
GHI_mean,0.0007266510053511865,7
DIF_mean,0.0004152041758516134,11
DNI_mean,0.00028907363252983487,6
PVOUT_mean,4.815230909116508e-05,3
GHI_std,0.0,0
DNI_std,0.0,0
DIF_std,0.0,0
PVOUT_std,0.0,0
TEMP_mean,0.0,0
TEMP_std,0.0,0
