feature,gain_importance,split_importance
slope_mean,18.74141758442198,500
slope_std,0.5120281315093216,65
aspect_mean,0.3245119930143119,33
aspect_std,0.03710384213326279,31
TEMP_mean,0.0035568000748753548,1
GHI_mean,0.0029114014432707336,19
DNI_mean,0.0019625815766630694,11
PVOUT_mean,0.00029681842568152206,5
DIF_mean,0.00018605239893076941,3
GHI_std,0.0,0
DNI_std,0.0,0
DIF_std,0.0,0
PVOUT_std,0.0,0
TEMP_std,0.0,0
