feature,gain_importance,split_importance
slope_mean,7.521622658724894,204
aspect_mean,0.21609455809866063,63
slope_std,0.09969323983752787,45
aspect_std,0.007886845695857403,35
GHI_mean,0.001173745970163509,15
DIF_mean,0.0009480546469120554,17
DNI_mean,0.0007458993755733445,11
GHI_std,0.00012510799570009112,1
DNI_std,0.00010345230111852288,3
DIF_std,3.446249957050895e-05,2
PVOUT_mean,0.0,0
PVOUT_std,0.0,0
TEMP_mean,0.0,0
TEMP_std,0.0,0
