feature,gain_importance,split_importance
slope_mean,8.234880487241426,213
aspect_mean,0.3853763529040355,99
slope_std,0.37894289935604775,154
aspect_std,0.06520837800917434,104
GHI_mean,0.012516553882051085,34
DNI_mean,0.007336115701946255,17
DIF_mean,0.003870474830897308,24
DNI_std,0.0011737465938495006,6
GHI_std,0.000745749303860066,6
DIF_std,8.67629987624241e-05,2
PVOUT_mean,2.553289959905669e-05,2
PVOUT_std,0.0,0
TEMP_mean,0.0,0
TEMP_std,0.0,0
